Model,CAGR,Sharpe,MaxDD
BuyHold,0.08680626,0.46134189,-0.56473669
SMA50,0.03950682,0.33003260,-0.36457996
SMA200,0.08705113,0.69552553,-0.26292372
