Vol_Regime,Low,Normal,High
Low,0.932093,0.067907,0.000000
Normal,0.035724,0.939402,0.024874
High,0.000000,0.038072,0.961928
