Regime,Sharpe_Diff,Sharpe_CI_Low,Sharpe_CI_High,Sharpe_p,CAGR_Diff,CAGR_CI_Low,CAGR_CI_High,CAGR_p
Low,-0.19121671,-1.14804459,0.81856050,0.73200000,-0.02387110,-0.11427824,0.07159212,0.65600000
Normal,-0.32192515,-1.03569803,0.39218049,0.51900000,-0.04610000,-0.14648233,0.04655552,0.51800000
High,-0.23270062,-1.09960968,0.66775848,0.66650000,-0.06970035,-0.30529019,0.13566945,0.61550000
