Vol_Regime,Frequency
Low,0.24041601
Normal,0.45724997
High,0.29858508
