Vol_Regime,Low,Normal,High
Low,0.93209256,0.06790744,0.00000000
Normal,0.03571429,0.93941799,0.02486772
High,0.00000000,0.03807209,0.96192791
